{
  "project_info": {
    "project_number": "560762160958",
    "project_id": "cotizador-dolar-api",
    "storage_bucket": "cotizador-dolar-api.firebasestorage.app"
  },
  "client": [
    {
      "client_info": {
        "mobilesdk_app_id": "1:560762160958:android:c2d84acade0ff2daf00e6f",
        "android_client_info": {
          "package_name": "com.example.cotizador_dolar_api"
        }
      },
      "oauth_client": [],
      "api_key": [
        {
          "current_key": "AIzaSyBN216cdJHW2IMaAyEPFx1oe5fnMihiEMQ"
        }
      ],
      "services": {
        "appinvite_service": {
          "other_platform_oauth_client": []
        }
      }
    }
  ],
  "configuration_version": "1"
}